{"cameraMode":{"drawMode":0,"name":"Shaded","section":"Shading Mode"},"sceneLighting":true,"audioPlay":false,"sceneViewState":{"m_AlwaysRefresh":false,"showFog":true,"showSkybox":true,"showFlares":true,"showImageEffects":true,"showParticleSystems":true,"showVisualEffectGraphs":true,"m_FxEnabled":true},"in2DMode":false,"pivot":{"x":-160.60952758789063,"y":-34.34429931640625,"z":-138.00680541992188},"rotation":{"x":-0.21848362684249879,"y":0.23863965272903443,"z":-0.05442170426249504,"w":-0.9446407556533814},"size":104.15912628173828,"orthographic":false}