{"cameraMode":{"drawMode":0,"name":"Shaded","section":"Shading Mode"},"sceneLighting":true,"audioPlay":false,"sceneViewState":{"m_AlwaysRefresh":false,"showFog":true,"showSkybox":true,"showFlares":true,"showImageEffects":true,"showParticleSystems":true,"showVisualEffectGraphs":true,"m_FxEnabled":true},"in2DMode":false,"pivot":{"x":48.64984130859375,"y":1.663820505142212,"z":53.192420959472659},"rotation":{"x":0.05359005182981491,"y":0.4964754283428192,"z":-0.03134562447667122,"w":0.8660007119178772},"size":11.485254287719727,"orthographic":false}