{"cameraMode":{"drawMode":0,"name":"Shaded","section":"Shading Mode"},"sceneLighting":true,"audioPlay":false,"sceneViewState":{"m_AlwaysRefresh":false,"showFog":true,"showSkybox":true,"showFlares":true,"showImageEffects":true,"showParticleSystems":true,"showVisualEffectGraphs":true,"m_FxEnabled":true},"in2DMode":false,"pivot":{"x":1297.952392578125,"y":654.6246948242188,"z":-1082.2332763671875},"rotation":{"x":0.05602322891354561,"y":-0.0658048465847969,"z":0.002856299513950944,"w":0.9963849186897278},"size":103.07764434814453,"orthographic":false}