{"cameraMode":{"drawMode":0,"name":"Shaded","section":"Shading Mode"},"sceneLighting":true,"audioPlay":false,"sceneViewState":{"m_AlwaysRefresh":false,"showFog":true,"showSkybox":true,"showFlares":true,"showImageEffects":true,"showParticleSystems":true,"showVisualEffectGraphs":true,"m_FxEnabled":true},"in2DMode":false,"pivot":{"x":4.6321916580200199,"y":2.61852765083313,"z":-24.6383056640625},"rotation":{"x":-0.00008573358354624361,"y":-0.7009422183036804,"z":-0.001187400775961578,"w":0.7131894826889038},"size":5.619475841522217,"orthographic":false}